frameIndex;frameTime;voiceProb_sma;F0_sma;pcm_loudness_sma
0;0.000000;4.319096e-01;0;4.633421e-02
1;0.010000;3.911256e-01;0;4.912686e-02
2;0.020000;3.785604e-01;0;4.069708e-02
3;0.030000;3.783288e-01;0;3.951195e-02
4;0.040000;4.065603e-01;0;4.274489e-02
5;0.050000;3.931665e-01;0;7.935564e-02
6;0.060000;4.246278e-01;0;7.476524e-02
7;0.070000;4.079887e-01;0;9.819865e-02
8;0.080000;3.786197e-01;0;7.951159e-02
9;0.090000;3.241221e-01;0;1.220786e-01
10;0.100000;2.952593e-01;0;8.730826e-02
11;0.110000;2.612920e-01;0;6.899956e-02
12;0.120000;2.352484e-01;0;5.389715e-02
13;0.130000;2.228979e-01;0;6.001866e-02
14;0.140000;2.532496e-01;0;9.203839e-02
15;0.150000;2.757294e-01;0;8.846825e-02
16;0.160000;3.204473e-01;0;9.422578e-02
17;0.170000;3.832506e-01;0;8.314215e-02
18;0.180000;4.217142e-01;0;7.718463e-02
19;0.190000;3.900138e-01;0;7.310112e-02
20;0.200000;3.350509e-01;0;8.109919e-02
21;0.210000;3.143072e-01;0;9.383284e-02
22;0.220000;3.136961e-01;0;8.813336e-02
23;0.230000;3.042460e-01;0;5.606322e-02
24;0.240000;2.646112e-01;0;3.913932e-02
25;0.250000;2.913918e-01;0;2.668507e-02
26;0.260000;3.174499e-01;0;3.949151e-02
27;0.270000;3.502987e-01;0;2.495103e-02
28;0.280000;3.417776e-01;0;6.334185e-02
29;0.290000;3.163949e-01;0;6.725442e-02
30;0.300000;3.017867e-01;0;1.499973e-01
31;0.310000;2.998834e-01;0;1.994588e-01
32;0.320000;2.855983e-01;0;2.301752e-01
33;0.330000;2.540118e-01;0;2.221812e-01
34;0.340000;2.661840e-01;0;2.002321e-01
35;0.350000;3.907058e-01;0;1.840802e-01
36;0.360000;5.778643e-01;8.556149e+01;1.447845e-01
37;0.370000;7.385534e-01;1.708954e+02;1.029309e-01
38;0.380000;8.320131e-01;2.551153e+02;1.138976e-01
39;0.390000;8.695354e-01;2.522461e+02;1.501992e-01
40;0.400000;8.677127e-01;2.485470e+02;1.864336e-01
41;0.410000;8.126782e-01;2.451372e+02;2.191553e-01
42;0.420000;7.879361e-01;2.424469e+02;1.707132e-01
43;0.430000;8.125199e-01;2.404142e+02;1.962738e-01
44;0.440000;8.855312e-01;2.398091e+02;1.300664e-01
45;0.450000;8.886980e-01;2.406151e+02;2.097973e-01
46;0.460000;7.921847e-01;2.430838e+02;1.451538e-01
47;0.470000;6.613190e-01;2.482613e+02;1.809971e-01
48;0.480000;4.910161e-01;1.674532e+02;8.732154e-02
49;0.490000;4.036308e-01;8.538252e+01;9.281540e-02
50;0.500000;3.492573e-01;0;6.726874e-02
51;0.510000;3.514205e-01;0;7.937699e-02
52;0.520000;3.607396e-01;0;5.931872e-02
53;0.530000;3.688470e-01;0;4.660834e-02
54;0.540000;4.159443e-01;0;2.308088e-02
55;0.550000;4.845915e-01;0;2.521508e-02
56;0.560000;6.066122e-01;8.376964e+01;8.104610e-02
57;0.570000;7.091326e-01;1.673211e+02;9.112535e-02
58;0.580000;7.456543e-01;2.502249e+02;1.207018e-01
59;0.590000;7.531087e-01;2.487180e+02;1.046225e-01
60;0.600000;7.718382e-01;2.472178e+02;1.229973e-01
61;0.610000;8.238675e-01;2.461560e+02;1.651098e-01
62;0.620000;8.471346e-01;2.435445e+02;1.670474e-01
63;0.630000;8.606789e-01;2.407322e+02;1.934352e-01
64;0.640000;8.436596e-01;2.399034e+02;1.213026e-01
65;0.650000;7.845077e-01;2.414704e+02;1.409613e-01
66;0.660000;6.770637e-01;2.433671e+02;1.592984e-01
67;0.670000;6.405836e-01;1.623539e+02;1.813313e-01
68;0.680000;6.621113e-01;1.649053e+02;1.682393e-01
69;0.690000;7.433859e-01;1.673211e+02;1.436181e-01
70;0.700000;7.702443e-01;2.502249e+02;1.924073e-01
71;0.710000;7.222388e-01;2.483015e+02;1.864676e-01
72;0.720000;6.236966e-01;2.451602e+02;2.023341e-01
73;0.730000;5.282257e-01;1.622564e+02;2.330027e-01
74;0.740000;5.670108e-01;8.041013e+01;2.364646e-01
75;0.750000;6.645908e-01;8.059502e+01;2.564911e-01
76;0.760000;7.607919e-01;1.645677e+02;2.016554e-01
77;0.770000;7.661495e-01;2.441173e+02;3.017057e-01
78;0.780000;7.212593e-01;2.325917e+02;3.195590e-01
79;0.790000;6.595510e-01;2.125833e+02;3.046153e-01
80;0.800000;6.808035e-01;1.942212e+02;2.065578e-01
81;0.810000;7.536995e-01;1.838385e+02;1.897940e-01
82;0.820000;8.401557e-01;1.805315e+02;2.132454e-01
83;0.830000;8.098350e-01;1.754716e+02;2.580081e-01
84;0.840000;7.232162e-01;1.629326e+02;2.191269e-01
85;0.850000;6.199919e-01;1.470933e+02;1.775964e-01
86;0.860000;6.140426e-01;9.096576e+01;1.360443e-01
87;0.870000;6.472628e-01;8.703429e+01;1.118309e-01
88;0.880000;7.257733e-01;8.421227e+01;1.318407e-01
89;0.890000;7.335094e-01;1.286490e+02;1.158273e-01
90;0.900000;7.610167e-01;1.383187e+02;2.505491e-01
91;0.910000;7.915902e-01;1.573059e+02;3.554028e-01
92;0.920000;8.520700e-01;1.820396e+02;3.850827e-01
93;0.930000;8.759965e-01;2.066928e+02;4.241405e-01
94;0.940000;8.508105e-01;2.289450e+02;3.281767e-01
95;0.950000;8.341081e-01;2.491662e+02;4.036853e-01
96;0.960000;7.878525e-01;2.676251e+02;2.221540e-01
97;0.970000;6.846963e-01;3.040130e+02;2.714516e-01
98;0.980000;4.968285e-01;2.146213e+02;1.834489e-01
99;0.990000;3.410017e-01;1.196233e+02;2.231351e-01
100;1.000000;2.769746e-01;0;1.547100e-01
101;1.010000;2.997346e-01;0;1.185810e-01
102;1.020000;3.614228e-01;0;7.609329e-02
103;1.030000;4.079008e-01;0;1.018697e-01
104;1.040000;4.096335e-01;0;9.549394e-02
105;1.050000;4.192424e-01;0;9.580403e-02
106;1.060000;3.778799e-01;0;8.387333e-02
107;1.070000;4.078534e-01;0;1.040591e-01
108;1.080000;3.833239e-01;0;1.138515e-01
109;1.090000;4.260251e-01;0;1.070502e-01
110;1.100000;4.108617e-01;0;1.019423e-01
111;1.110000;3.976034e-01;0;9.309727e-02
112;1.120000;3.369090e-01;0;9.507655e-02
113;1.130000;2.865661e-01;0;6.088143e-02
114;1.140000;2.512226e-01;0;5.637066e-02
115;1.150000;2.421750e-01;0;3.186625e-02
116;1.160000;2.443716e-01;0;3.460708e-02
117;1.170000;2.533848e-01;0;3.773128e-02
118;1.180000;2.946824e-01;0;3.630178e-02
119;1.190000;3.813999e-01;0;6.626537e-02
120;1.200000;4.057508e-01;0;8.819313e-02
121;1.210000;4.583589e-01;0;9.415673e-02
122;1.220000;4.507239e-01;0;7.378045e-02
123;1.230000;4.992903e-01;0;7.859567e-02
124;1.240000;5.101995e-01;0;7.251231e-02
125;1.250000;5.539005e-01;0;7.884055e-02
126;1.260000;6.044179e-01;1.141815e+02;4.788251e-02
127;1.270000;6.075253e-01;2.251539e+02;8.126896e-02
128;1.280000;5.686876e-01;3.300058e+02;1.054998e-01
129;1.290000;4.706362e-01;2.158243e+02;1.111532e-01
130;1.300000;4.016075e-01;1.048519e+02;8.336435e-02
131;1.310000;3.697363e-01;0;9.370818e-02
132;1.320000;3.666864e-01;0;1.335731e-01
133;1.330000;3.303105e-01;0;1.334714e-01
134;1.340000;2.838219e-01;0;8.451899e-02
135;1.350000;2.403367e-01;0;5.949827e-02
136;1.360000;2.528434e-01;0;5.954763e-02
137;1.370000;2.490745e-01;0;9.366828e-02
138;1.380000;2.562742e-01;0;1.085010e-01
139;1.390000;2.547559e-01;0;1.244223e-01
140;1.400000;2.569048e-01;0;9.358045e-02
141;1.410000;2.688235e-01;0;5.713893e-02
142;1.420000;3.050824e-01;0;3.708365e-02
143;1.430000;3.336774e-01;0;4.029810e-02
144;1.440000;3.658940e-01;0;4.973296e-02
145;1.450000;3.729658e-01;0;4.558335e-02
146;1.460000;3.844678e-01;0;4.494746e-02
147;1.470000;4.056100e-01;0;5.096745e-02
148;1.480000;4.323043e-01;0;6.647244e-02
149;1.490000;3.991577e-01;0;6.968229e-02
150;1.500000;3.577004e-01;0;6.283445e-02
151;1.510000;2.892782e-01;0;4.943302e-02
152;1.520000;2.990928e-01;0;6.700554e-02
153;1.530000;2.541318e-01;0;7.350030e-02
154;1.540000;2.890867e-01;0;8.913418e-02
155;1.550000;3.073840e-01;0;7.309900e-02
156;1.560000;3.633286e-01;0;6.067383e-02
157;1.570000;3.373239e-01;0;6.195538e-02
158;1.580000;3.436555e-01;0;5.803122e-02
159;1.590000;3.934627e-01;0;7.195804e-02
160;1.600000;4.319198e-01;0;7.377188e-02
161;1.610000;4.124669e-01;0;8.658916e-02
162;1.620000;3.891135e-01;0;7.559676e-02
163;1.630000;3.872626e-01;0;5.357856e-02
164;1.640000;3.963338e-01;0;6.157213e-02
165;1.650000;3.722491e-01;0;6.690512e-02
166;1.660000;3.300322e-01;0;9.777318e-02
167;1.670000;3.129776e-01;0;8.252819e-02
168;1.680000;3.027478e-01;0;7.259756e-02
169;1.690000;3.096933e-01;0;3.725711e-02
170;1.700000;3.040342e-01;0;4.589243e-02
171;1.710000;3.036361e-01;0;7.545684e-02
172;1.720000;3.332707e-01;0;9.802064e-02
173;1.730000;3.720106e-01;0;1.166211e-01
174;1.740000;3.357480e-01;0;1.241318e-01
175;1.750000;3.182771e-01;0;1.107614e-01
176;1.760000;2.453186e-01;0;7.620837e-02
177;1.770000;2.741872e-01;0;4.761826e-02
178;1.780000;2.758866e-01;0;5.689292e-02
179;1.790000;3.151443e-01;0;6.682440e-02
180;1.800000;3.223592e-01;0;7.293124e-02
181;1.810000;3.179780e-01;0;8.431938e-02
182;1.820000;3.549932e-01;0;6.787889e-02
183;1.830000;3.267854e-01;0;7.759722e-02
184;1.840000;3.255911e-01;0;7.866880e-02
185;1.850000;3.057486e-01;0;1.037545e-01
186;1.860000;3.580094e-01;0;8.917399e-02
187;1.870000;3.476046e-01;0;8.850714e-02
188;1.880000;3.181957e-01;0;8.826455e-02
189;1.890000;2.432826e-01;0;8.874097e-02
190;1.900000;2.568743e-01;0;8.216514e-02
191;1.910000;2.838890e-01;0;7.247418e-02
192;1.920000;3.025856e-01;0;5.376552e-02
193;1.930000;2.885480e-01;0;5.897716e-02
194;1.940000;2.744742e-01;0;5.889214e-02
195;1.950000;3.431731e-01;0;8.203374e-02
196;1.960000;3.952578e-01;0;5.662126e-02
197;1.970000;4.367776e-01;0;5.929911e-02
198;1.980000;4.082499e-01;0;6.920035e-02
199;1.990000;3.693375e-01;0;7.930711e-02
200;2.000000;3.449427e-01;0;9.645494e-02
201;2.010000;3.452425e-01;0;9.644824e-02
202;2.020000;3.483211e-01;0;8.558463e-02
203;2.030000;3.355603e-01;0;7.006243e-02
204;2.040000;3.463497e-01;0;5.168688e-02
205;2.050000;3.305476e-01;0;6.684987e-02
206;2.060000;3.026699e-01;0;7.105535e-02
207;2.070000;2.594748e-01;0;8.459669e-02
208;2.080000;2.499497e-01;0;6.525965e-02
209;2.090000;2.796280e-01;0;5.936527e-02
210;2.100000;2.973380e-01;0;3.980277e-02
211;2.110000;3.077241e-01;0;5.984775e-02
212;2.120000;3.240322e-01;0;5.433970e-02
213;2.130000;3.920963e-01;0;6.550273e-02
214;2.140000;4.860457e-01;0;5.891670e-02
215;2.150000;5.365770e-01;0;7.065092e-02
216;2.160000;5.260560e-01;0;8.659594e-02
217;2.170000;4.963386e-01;0;1.002969e-01
218;2.180000;5.203751e-01;0;7.587216e-02
219;2.190000;5.515701e-01;9.389923e+01;6.373509e-02
220;2.200000;5.579914e-01;1.855204e+02;4.197684e-02
221;2.210000;5.385506e-01;1.855204e+02;6.528284e-02
222;2.220000;5.183617e-01;9.162119e+01;6.505465e-02
223;2.230000;5.087812e-01;0;1.042138e-01
224;2.240000;5.144061e-01;0;1.037668e-01
225;2.250000;5.385107e-01;8.000001e+01;8.269472e-02
226;2.260000;5.573019e-01;1.598010e+02;5.960523e-02
227;2.270000;5.474860e-01;1.598010e+02;6.834605e-02
228;2.280000;5.035953e-01;7.980099e+01;9.763917e-02
229;2.290000;4.420217e-01;0;9.856784e-02
230;2.300000;3.817459e-01;0;8.310043e-02
231;2.310000;3.511651e-01;0;8.376529e-02
232;2.320000;3.408520e-01;0;8.439277e-02
233;2.330000;3.067535e-01;0;9.940787e-02
234;2.340000;3.094383e-01;0;9.587707e-02
235;2.350000;3.361694e-01;0;1.150123e-01
236;2.360000;3.590387e-01;0;1.230064e-01
237;2.370000;3.475331e-01;0;1.358562e-01
238;2.380000;3.742767e-01;0;9.469187e-02
239;2.390000;4.115232e-01;0;8.823429e-02
240;2.400000;4.118021e-01;0;9.561616e-02
241;2.410000;3.688028e-01;0;1.136362e-01
242;2.420000;3.517543e-01;0;9.373354e-02
243;2.430000;3.766629e-01;0;6.385544e-02
244;2.440000;3.640790e-01;0;6.265715e-02
245;2.450000;3.368192e-01;0;7.189637e-02
246;2.460000;3.239309e-01;0;8.980419e-02
247;2.470000;3.527059e-01;0;8.544292e-02
248;2.480000;4.031817e-01;0;7.252614e-02
249;2.490000;4.212422e-01;0;7.101756e-02
250;2.500000;4.437178e-01;0;8.319827e-02
251;2.510000;4.431088e-01;0;8.920653e-02
252;2.520000;4.222120e-01;0;6.099986e-02
253;2.530000;3.890548e-01;0;4.860848e-02
254;2.540000;3.656285e-01;0;6.951611e-02
255;2.550000;3.319024e-01;0;6.939337e-02
256;2.560000;3.159513e-01;0;6.813058e-02
257;2.570000;3.234990e-01;0;5.195820e-02
258;2.580000;3.552907e-01;0;1.037855e-01
259;2.590000;4.231460e-01;0;2.094895e-01
260;2.600000;5.486465e-01;0;2.606481e-01
261;2.610000;7.188982e-01;6.926407e+01;2.841938e-01
262;2.620000;8.381932e-01;1.389838e+02;3.106452e-01
263;2.630000;8.689966e-01;2.093138e+02;3.009094e-01
264;2.640000;7.920434e-01;2.105343e+02;2.590828e-01
265;2.650000;7.111658e-01;2.156609e+02;2.098377e-01
266;2.660000;6.528561e-01;2.257511e+02;1.843068e-01
267;2.670000;6.952690e-01;2.381881e+02;2.755200e-01
268;2.680000;7.658545e-01;2.491630e+02;2.335438e-01
269;2.690000;8.306726e-01;2.571513e+02;4.200078e-01
270;2.700000;8.714827e-01;2.643770e+02;4.828297e-01
271;2.710000;8.762813e-01;2.697247e+02;5.532136e-01
272;2.720000;8.672156e-01;2.730074e+02;5.422788e-01
273;2.730000;8.467194e-01;2.748142e+02;4.493857e-01
274;2.740000;8.297857e-01;2.755994e+02;3.788658e-01
275;2.750000;8.033184e-01;2.755994e+02;2.164762e-01
276;2.760000;7.659809e-01;2.748142e+02;2.545968e-01
277;2.770000;6.717892e-01;2.737693e+02;2.462235e-01
278;2.780000;5.585465e-01;1.820779e+02;2.714064e-01
279;2.790000;4.374047e-01;9.090910e+01;1.406030e-01
280;2.800000;3.384395e-01;0;1.102202e-01
281;2.810000;3.213580e-01;0;6.569853e-02
282;2.820000;4.505289e-01;0;1.076868e-01
283;2.830000;6.452453e-01;9.302325e+01;1.153524e-01
284;2.840000;7.998855e-01;1.857776e+02;1.662911e-01
285;2.850000;8.530184e-01;2.782632e+02;2.020445e-01
286;2.860000;8.689688e-01;2.774597e+02;2.415057e-01
287;2.870000;8.657140e-01;2.761369e+02;3.233081e-01
288;2.880000;8.604240e-01;2.740497e+02;3.064836e-01
289;2.890000;8.814928e-01;2.704896e+02;3.829791e-01
290;2.900000;9.137056e-01;2.657847e+02;3.792750e-01
291;2.910000;9.333615e-01;2.614078e+02;3.205132e-01
292;2.920000;9.363456e-01;2.585396e+02;2.804281e-01
293;2.930000;9.375352e-01;2.571469e+02;2.855240e-01
294;2.940000;9.378685e-01;2.564594e+02;4.361794e-01
295;2.950000;9.349593e-01;2.562294e+02;5.225340e-01
296;2.960000;9.356308e-01;2.566870e+02;5.315872e-01
297;2.970000;9.337913e-01;2.576070e+02;4.385301e-01
298;2.980000;9.276745e-01;2.582995e+02;3.955542e-01
299;2.990000;9.186774e-01;2.582995e+02;3.744443e-01
300;3.000000;9.093642e-01;2.573795e+02;3.451564e-01
301;3.010000;8.696479e-01;2.557839e+02;2.092059e-01
302;3.020000;7.304631e-01;2.542029e+02;7.391445e-02
303;3.030000;5.813369e-01;1.688690e+02;8.835050e-02
304;3.040000;4.424857e-01;8.421053e+01;1.335495e-01
305;3.050000;4.070612e-01;0;1.751396e-01
306;3.060000;3.651020e-01;0;2.808238e-01
307;3.070000;3.110760e-01;0;3.325406e-01
308;3.080000;3.111814e-01;0;4.864280e-01
309;3.090000;3.515987e-01;0;3.615742e-01
310;3.100000;4.153751e-01;0;3.993152e-01
311;3.110000;4.173146e-01;0;3.671118e-01
312;3.120000;4.057121e-01;0;4.750662e-01
313;3.130000;4.774880e-01;0;3.827595e-01
314;3.140000;6.088542e-01;9.090910e+01;2.484124e-01
315;3.150000;7.602516e-01;1.810564e+02;2.550530e-01
316;3.160000;8.502443e-01;2.697052e+02;4.340802e-01
317;3.170000;8.847764e-01;2.662304e+02;5.483797e-01
318;3.180000;8.902011e-01;2.623421e+02;4.742888e-01
319;3.190000;8.766534e-01;2.588021e+02;3.527874e-01
320;3.200000;8.221868e-01;2.553625e+02;3.449378e-01
321;3.210000;7.591625e-01;2.517958e+02;3.278702e-01
322;3.220000;6.810676e-01;2.481167e+02;3.013097e-01
323;3.230000;6.167158e-01;2.480043e+02;1.994376e-01
324;3.240000;5.657791e-01;1.653120e+02;1.908520e-01
325;3.250000;5.301459e-01;8.388231e+01;1.518874e-01
326;3.260000;5.404172e-01;0;1.545438e-01
327;3.270000;6.228012e-01;8.290155e+01;1.612843e-01
328;3.280000;7.339333e-01;1.651687e+02;1.648418e-01
329;3.290000;8.243841e-01;2.461860e+02;1.997944e-01
330;3.300000;8.228874e-01;2.430894e+02;1.926568e-01
331;3.310000;7.672796e-01;2.410354e+02;1.909881e-01
332;3.320000;7.699582e-01;2.408282e+02;2.085081e-01
333;3.330000;8.172972e-01;2.406331e+02;1.975258e-01
334;3.340000;9.027065e-01;2.388533e+02;2.327380e-01
335;3.350000;9.270403e-01;2.372685e+02;1.421841e-01
336;3.360000;8.939953e-01;2.380607e+02;2.476689e-01
337;3.370000;7.632837e-01;2.350707e+02;1.999632e-01
338;3.380000;5.596098e-01;1.558453e+02;2.869508e-01
339;3.390000;3.967645e-01;7.544330e+01;1.680641e-01
340;3.400000;2.935717e-01;0;1.728837e-01
341;3.410000;3.538235e-01;0;9.478961e-02
342;3.420000;4.870380e-01;0;8.839084e-02
343;3.430000;6.697957e-01;7.718481e+01;7.986297e-02
344;3.440000;7.597119e-01;1.578498e+02;9.823938e-02
345;3.450000;7.147791e-01;2.451272e+02;1.549776e-01
346;3.460000;5.862706e-01;2.612390e+02;1.590232e-01
347;3.470000;4.622278e-01;1.805739e+02;1.471269e-01
348;3.480000;3.771448e-01;9.329653e+01;9.089430e-02
349;3.490000;3.635851e-01;0;9.205717e-02
350;3.500000;3.515922e-01;0;1.060157e-01
351;3.510000;3.712237e-01;0;1.200167e-01
352;3.520000;4.238556e-01;0;1.098390e-01
353;3.530000;4.188244e-01;0;8.386071e-02
354;3.540000;3.860035e-01;0;1.006443e-01
355;3.550000;3.342187e-01;0;1.021668e-01
356;3.560000;3.292629e-01;0;1.013218e-01
357;3.570000;3.197838e-01;0;1.075526e-01
358;3.580000;2.955910e-01;0;1.016881e-01
359;3.590000;2.782173e-01;0;1.133429e-01
360;3.600000;3.083899e-01;0;9.688641e-02
361;3.610000;3.434436e-01;0;1.030265e-01
362;3.620000;3.654794e-01;0;1.103489e-01
363;3.630000;3.492821e-01;0;9.982978e-02
364;3.640000;3.052092e-01;0;7.824646e-02
365;3.650000;3.325866e-01;0;7.828330e-02
366;3.660000;3.397150e-01;0;7.016826e-02
367;3.670000;3.601689e-01;0;8.429410e-02
368;3.680000;3.099125e-01;0;6.804651e-02
369;3.690000;3.039735e-01;0;6.718260e-02
370;3.700000;3.709277e-01;0;7.397663e-02
371;3.710000;5.127923e-01;0;7.148489e-02
372;3.720000;5.684462e-01;0;5.595788e-02
373;3.730000;4.721522e-01;0;3.768072e-02
374;3.740000;3.340860e-01;0;2.762764e-02
375;3.750000;2.624306e-01;0;5.746083e-02
376;3.760000;2.732772e-01;0;7.504497e-02
377;3.770000;2.656401e-01;0;8.107236e-02
378;3.780000;2.927258e-01;0;6.174115e-02
379;3.790000;3.026224e-01;0;4.897790e-02
380;3.800000;3.502710e-01;0;7.128069e-02
381;3.810000;3.514349e-01;0;1.063608e-01
382;3.820000;3.314907e-01;0;1.304115e-01
383;3.830000;3.555047e-01;0;1.271257e-01
384;3.840000;4.369206e-01;0;8.451782e-02
385;3.850000;5.086820e-01;0;8.125523e-02
386;3.860000;4.788845e-01;0;8.070638e-02
387;3.870000;3.885423e-01;0;1.016143e-01
388;3.880000;3.231772e-01;0;8.764385e-02
389;3.890000;3.218237e-01;0;7.680037e-02
390;3.900000;3.387508e-01;0;7.098173e-02
391;3.910000;3.444255e-01;0;7.572842e-02
392;3.920000;3.152949e-01;0;8.226435e-02
393;3.930000;2.752747e-01;0;7.947645e-02
394;3.940000;2.868829e-01;0;6.866437e-02
395;3.950000;2.806798e-01;0;6.731885e-02
396;3.960000;2.628778e-01;0;6.370549e-02
397;3.970000;2.522332e-01;0;6.211754e-02
398;3.980000;2.652115e-01;0;7.707474e-02
399;3.990000;3.060327e-01;0;8.304368e-02
400;4.000000;3.139902e-01;0;1.136800e-01
401;4.010000;3.033838e-01;0;8.525693e-02
402;4.020000;2.898166e-01;0;1.139205e-01
403;4.030000;2.970710e-01;0;1.129149e-01
404;4.040000;3.089729e-01;0;1.268606e-01
405;4.050000;2.979373e-01;0;1.038083e-01
406;4.060000;3.175960e-01;0;1.120056e-01
407;4.070000;3.153272e-01;0;8.318530e-02
408;4.080000;3.110133e-01;0;5.600926e-02
409;4.090000;2.730853e-01;0;2.593873e-02
410;4.100000;2.481312e-01;0;5.350834e-02
411;4.110000;2.427396e-01;0;6.291382e-02
412;4.120000;2.557672e-01;0;6.687380e-02
413;4.130000;2.810575e-01;0;6.266679e-02
414;4.140000;3.050002e-01;0;6.439394e-02
415;4.150000;3.284993e-01;0;6.617342e-02
416;4.160000;3.232299e-01;0;6.136069e-02
417;4.170000;3.175566e-01;0;6.334795e-02
418;4.180000;3.467315e-01;0;6.872469e-02
419;4.190000;3.423643e-01;0;8.580091e-02
420;4.200000;3.132452e-01;0;9.937876e-02
421;4.210000;2.677446e-01;0;8.265828e-02
422;4.220000;3.099324e-01;0;7.374802e-02
423;4.230000;3.832573e-01;0;5.885836e-02
424;4.240000;3.955819e-01;0;5.312211e-02
425;4.250000;3.869354e-01;0;3.120909e-02
426;4.260000;3.953767e-01;0;4.843005e-02
427;4.270000;3.964953e-01;0;6.644164e-02
428;4.280000;3.809299e-01;0;9.292235e-02
429;4.290000;3.462641e-01;0;1.030943e-01
430;4.300000;3.431607e-01;0;9.715583e-02
431;4.310000;3.603844e-01;0;8.725312e-02
432;4.320000;3.841499e-01;0;5.885766e-02
433;4.330000;3.726510e-01;0;6.457508e-02
434;4.340000;3.247256e-01;0;5.000789e-02
435;4.350000;2.617691e-01;0;4.666231e-02
436;4.360000;2.136612e-01;0;2.533128e-02
437;4.370000;2.124927e-01;0;2.327994e-02
438;4.380000;2.231226e-01;0;3.650748e-02
439;4.390000;2.320780e-01;0;4.171033e-02
440;4.400000;2.482011e-01;0;6.951711e-02
441;4.410000;2.476431e-01;0;9.823737e-02
442;4.420000;2.764587e-01;0;1.116302e-01
443;4.430000;3.231583e-01;0;1.091562e-01
444;4.440000;3.762674e-01;0;8.947971e-02
445;4.450000;4.064865e-01;0;8.357518e-02
446;4.460000;3.770615e-01;0;8.815991e-02
447;4.470000;3.330826e-01;0;8.636652e-02
448;4.480000;3.070295e-01;0;8.288609e-02
449;4.490000;3.272442e-01;0;9.999293e-02
450;4.500000;3.420536e-01;0;8.878800e-02
451;4.510000;3.030328e-01;0;1.063594e-01
452;4.520000;2.451392e-01;0;7.445489e-02
453;4.530000;2.410907e-01;0;6.352068e-02
454;4.540000;3.040086e-01;0;4.903666e-02
455;4.550000;3.371102e-01;0;5.378966e-02
456;4.560000;3.548907e-01;0;5.836634e-02
457;4.570000;3.368376e-01;0;5.253780e-02
458;4.580000;3.295919e-01;0;5.054170e-02
459;4.590000;2.927327e-01;0;7.385924e-02
460;4.600000;2.683208e-01;0;6.490032e-02
461;4.610000;2.742501e-01;0;6.052734e-02
462;4.620000;3.240651e-01;0;4.235497e-02
463;4.630000;3.322060e-01;0;5.004244e-02
464;4.640000;3.078256e-01;0;4.803785e-02
465;4.650000;2.558142e-01;0;6.051603e-02
466;4.660000;2.641483e-01;0;6.441557e-02
467;4.670000;3.043617e-01;0;6.788199e-02
468;4.680000;3.329693e-01;0;5.404237e-02
469;4.690000;3.534687e-01;0;5.652448e-02
470;4.700000;3.581282e-01;0;6.915207e-02
471;4.710000;3.536698e-01;0;8.280634e-02
472;4.720000;3.490189e-01;0;8.577789e-02
473;4.730000;3.582666e-01;0;7.414930e-02
474;4.740000;3.589775e-01;0;6.452329e-02
475;4.750000;3.593819e-01;0;6.823510e-02
476;4.760000;3.187843e-01;0;8.018593e-02
477;4.770000;3.041705e-01;0;7.420535e-02
478;4.780000;2.939699e-01;0;7.849780e-02
479;4.790000;3.152818e-01;0;7.597233e-02
480;4.800000;3.251983e-01;0;7.287283e-02
481;4.810000;3.183767e-01;0;6.312016e-02
482;4.820000;3.038937e-01;0;3.452269e-02
483;4.830000;3.127352e-01;0;6.934966e-02
484;4.840000;3.157356e-01;0;9.535404e-02
485;4.850000;3.398181e-01;0;1.348296e-01
486;4.860000;3.368905e-01;0;1.057842e-01
487;4.870000;3.430448e-01;0;8.324364e-02
488;4.880000;2.823288e-01;0;7.222740e-02
489;4.890000;2.594255e-01;0;6.387734e-02
490;4.900000;2.607955e-01;0;8.586075e-02
491;4.910000;2.915716e-01;0;8.072132e-02
492;4.920000;2.962316e-01;0;8.653748e-02
493;4.930000;2.651401e-01;0;7.878059e-02
494;4.940000;3.016203e-01;0;9.413022e-02
495;4.950000;3.809439e-01;0;1.130366e-01
496;4.960000;4.587588e-01;0;9.586211e-02
497;4.970000;4.816712e-01;0;8.058485e-02
498;4.980000;4.249598e-01;0;7.500786e-02
499;4.990000;3.991241e-01;0;8.157797e-02
500;5.000000;4.009900e-01;0;1.011125e-01
501;5.010000;4.160822e-01;0;9.311911e-02
502;5.020000;3.934392e-01;0;9.114046e-02
503;5.030000;3.560531e-01;0;6.293088e-02
504;5.040000;3.719643e-01;0;7.293335e-02
505;5.050000;3.972928e-01;0;7.988043e-02
506;5.060000;4.386310e-01;0;9.589341e-02
507;5.070000;4.429913e-01;0;1.156152e-01
508;5.080000;4.724702e-01;0;9.973007e-02
509;5.090000;4.316154e-01;0;9.424305e-02
510;5.100000;4.730964e-01;0;6.664559e-02
511;5.110000;5.116262e-01;7.843138e+01;1.627366e-01
512;5.120000;5.964264e-01;1.580511e+02;2.559372e-01
513;5.130000;6.393890e-01;2.424112e+02;2.537913e-01
514;5.140000;6.879697e-01;2.531336e+02;5.242042e-01
515;5.150000;7.006112e-01;2.649544e+02;5.424404e-01
516;5.160000;6.765865e-01;2.741744e+02;6.805042e-01
517;5.170000;6.979658e-01;2.808427e+02;3.688453e-01
518;5.180000;7.765534e-01;2.872697e+02;3.009770e-01
519;5.190000;8.666638e-01;2.927619e+02;2.119699e-01
520;5.200000;8.735220e-01;2.963186e+02;2.707943e-01
521;5.210000;8.468305e-01;3.007721e+02;3.751457e-01
522;5.220000;8.297441e-01;3.066191e+02;3.996762e-01
523;5.230000;8.392474e-01;3.063114e+02;4.621533e-01
524;5.240000;8.649905e-01;2.967510e+02;5.077040e-01
525;5.250000;8.820564e-01;2.820078e+02;6.348689e-01
526;5.260000;8.930294e-01;2.728497e+02;6.123496e-01
527;5.270000;8.900193e-01;2.674700e+02;5.505911e-01
528;5.280000;8.499615e-01;2.597772e+02;5.278326e-01
529;5.290000;7.939393e-01;2.525651e+02;4.626256e-01
530;5.300000;7.907958e-01;2.474730e+02;4.347081e-01
531;5.310000;8.288113e-01;2.427772e+02;3.192674e-01
532;5.320000;8.878946e-01;2.361066e+02;2.622783e-01
533;5.330000;8.951415e-01;2.298483e+02;3.576742e-01
534;5.340000;8.974854e-01;2.277217e+02;4.480928e-01
535;5.350000;9.029220e-01;2.284303e+02;4.622999e-01
536;5.360000;9.081053e-01;2.295086e+02;3.604272e-01
537;5.370000;9.072303e-01;2.311426e+02;2.685804e-01
538;5.380000;8.958001e-01;2.315125e+02;2.592312e-01
539;5.390000;8.941845e-01;2.311426e+02;2.045114e-01
540;5.400000;9.006491e-01;2.293348e+02;2.950903e-01
541;5.410000;9.174862e-01;2.263015e+02;4.476296e-01
542;5.420000;9.274897e-01;2.232952e+02;4.842096e-01
543;5.430000;9.283599e-01;2.212044e+02;4.698938e-01
544;5.440000;9.155819e-01;2.198575e+02;4.163755e-01
545;5.450000;8.978868e-01;2.185230e+02;5.449901e-01
546;5.460000;8.887500e-01;2.176897e+02;5.855592e-01
547;5.470000;8.944501e-01;2.180218e+02;4.722708e-01
548;5.480000;9.092091e-01;2.172554e+02;2.891645e-01
549;5.490000;9.211711e-01;2.145616e+02;1.906981e-01
550;5.500000;9.276330e-01;2.112179e+02;2.959509e-01
551;5.510000;9.258528e-01;2.091513e+02;4.119008e-01
552;5.520000;9.025413e-01;2.089994e+02;4.744981e-01
553;5.530000;8.786305e-01;2.093046e+02;3.423675e-01
554;5.540000;8.757445e-01;2.105413e+02;3.618774e-01
555;5.550000;9.005293e-01;2.122528e+02;3.771081e-01
556;5.560000;9.268646e-01;2.138193e+02;4.725921e-01
557;5.570000;9.324254e-01;2.149278e+02;5.133709e-01
558;5.580000;9.269699e-01;2.158989e+02;5.437278e-01
559;5.590000;9.209676e-01;2.175401e+02;6.143252e-01
560;5.600000;9.157238e-01;2.197053e+02;5.466241e-01
561;5.610000;9.090157e-01;2.220737e+02;4.808478e-01
562;5.620000;9.017130e-01;2.244976e+02;4.876138e-01
563;5.630000;9.036818e-01;2.271645e+02;5.662311e-01
564;5.640000;9.140192e-01;2.300682e+02;5.072849e-01
565;5.650000;9.110763e-01;2.326544e+02;4.586622e-01
566;5.660000;8.698874e-01;2.343432e+02;3.178000e-01
567;5.670000;8.110787e-01;2.349115e+02;3.653880e-01
568;5.680000;7.819057e-01;2.343432e+02;3.471509e-01
569;5.690000;7.979910e-01;2.314255e+02;4.272772e-01
570;5.700000;8.378379e-01;2.269182e+02;4.411153e-01
571;5.710000;8.463311e-01;2.228100e+02;3.946092e-01
572;5.720000;8.498783e-01;2.198680e+02;3.252955e-01
573;5.730000;8.297016e-01;2.170975e+02;3.094765e-01
574;5.740000;8.229226e-01;2.150336e+02;4.593196e-01
575;5.750000;7.983400e-01;2.119319e+02;4.295160e-01
576;5.760000;7.616153e-01;2.064162e+02;4.370657e-01
577;5.770000;7.114899e-01;2.027250e+02;3.204826e-01
578;5.780000;6.311552e-01;2.074495e+02;3.027290e-01
579;5.790000;6.014723e-01;1.420030e+02;3.155064e-01
580;5.800000;5.972391e-01;1.459433e+02;2.987743e-01
581;5.810000;6.380293e-01;1.320136e+02;2.763491e-01
582;5.820000;6.579323e-01;1.832495e+02;2.174955e-01
583;5.830000;6.722362e-01;1.651918e+02;1.917001e-01
584;5.840000;6.757447e-01;1.639013e+02;1.712717e-01
585;5.850000;6.258119e-01;1.760439e+02;9.693357e-02
586;5.860000;5.731362e-01;1.223527e+02;1.311288e-01
587;5.870000;5.420057e-01;6.337852e+01;1.267775e-01
588;5.880000;5.662462e-01;6.258577e+01;1.440118e-01
589;5.890000;6.419879e-01;1.265317e+02;8.468150e-02
590;5.900000;7.153792e-01;1.957145e+02;1.860276e-01
591;5.910000;7.801914e-01;2.115432e+02;3.008868e-01
592;5.920000;7.600123e-01;2.327253e+02;3.802091e-01
593;5.930000;7.397856e-01;2.530286e+02;3.292227e-01
594;5.940000;7.127756e-01;2.679157e+02;3.228007e-01
595;5.950000;7.540512e-01;2.792291e+02;4.060832e-01
596;5.960000;8.138086e-01;2.891259e+02;4.870675e-01
597;5.970000;8.908030e-01;2.967797e+02;4.187697e-01
598;5.980000;9.195437e-01;3.025756e+02;2.787220e-01
599;5.990000;8.999617e-01;3.057570e+02;2.835912e-01
600;6.000000;8.759155e-01;3.070390e+02;3.166459e-01
601;6.010000;8.457799e-01;3.057570e+02;3.961247e-01
602;6.020000;8.045987e-01;3.010971e+02;3.323346e-01
603;6.030000;7.720575e-01;2.927408e+02;3.551744e-01
604;6.040000;7.705624e-01;2.822069e+02;2.383508e-01
605;6.050000;7.557465e-01;2.704138e+02;2.204648e-01
606;6.060000;7.605799e-01;2.592249e+02;2.218942e-01
607;6.070000;7.592061e-01;2.482906e+02;3.716272e-01
608;6.080000;7.954744e-01;2.371707e+02;4.057026e-01
609;6.090000;7.978787e-01;2.273717e+02;3.585072e-01
610;6.100000;7.940522e-01;2.174432e+02;4.198876e-01
611;6.110000;7.855645e-01;2.070196e+02;4.569057e-01
612;6.120000;7.808326e-01;1.958018e+02;4.300200e-01
613;6.130000;7.706608e-01;1.850159e+02;3.141143e-01
614;6.140000;7.559257e-01;1.773879e+02;2.879135e-01
615;6.150000;6.972470e-01;1.713929e+02;2.726735e-01
616;6.160000;6.569621e-01;1.638550e+02;2.049587e-01
617;6.170000;6.324028e-01;1.548202e+02;2.577429e-01
618;6.180000;6.250964e-01;1.459428e+02;2.720419e-01
619;6.190000;5.462030e-01;1.401024e+02;2.973258e-01
620;6.200000;4.446654e-01;9.219778e+01;2.834682e-01
621;6.210000;4.371775e-01;4.539455e+01;2.938480e-01
622;6.220000;5.338352e-01;4.145078e+01;3.136732e-01
623;6.230000;6.043724e-01;8.237819e+01;3.217924e-01
624;6.240000;5.955427e-01;1.226303e+02;3.717929e-01
625;6.250000;5.164536e-01;8.117956e+01;4.180362e-01
626;6.260000;4.751917e-01;4.025215e+01;3.558939e-01
627;6.270000;4.720859e-01;0;2.991471e-01
628;6.280000;5.207886e-01;0;2.633749e-01
629;6.290000;5.560726e-01;0;3.115866e-01
630;6.300000;5.368907e-01;0;3.554973e-01
631;6.310000;4.688025e-01;0;2.712389e-01
632;6.320000;4.340110e-01;0;3.299646e-01
633;6.330000;4.310029e-01;0;3.397684e-01
634;6.340000;4.242206e-01;0;3.598967e-01
635;6.350000;4.092225e-01;0;1.831616e-01
636;6.360000;3.797986e-01;0;8.074979e-02
637;6.370000;3.689666e-01;0;4.887445e-02
638;6.380000;3.457245e-01;0;1.239774e-01
639;6.390000;3.321449e-01;0;1.617159e-01
640;6.400000;3.294008e-01;0;2.012006e-01
641;6.410000;3.262421e-01;0;1.330322e-01
642;6.420000;3.371755e-01;0;1.512210e-01
643;6.430000;3.474427e-01;0;1.421138e-01
644;6.440000;4.046995e-01;0;1.066563e-01
645;6.450000;4.607226e-01;0;7.478246e-02
646;6.460000;4.668160e-01;0;5.527594e-02
647;6.470000;4.239889e-01;0;6.859209e-02
648;6.480000;3.694051e-01;0;6.908779e-02
649;6.490000;3.448674e-01;0;7.855779e-02
650;6.500000;3.132118e-01;0;9.305678e-02
651;6.510000;3.162107e-01;0;8.407070e-02
652;6.520000;3.664543e-01;0;7.523592e-02
653;6.530000;4.056656e-01;0;7.363199e-02
654;6.540000;4.089808e-01;0;7.482090e-02
655;6.550000;3.779200e-01;0;6.365719e-02
656;6.560000;3.664254e-01;0;4.404029e-02
657;6.570000;3.987385e-01;0;2.954395e-02
658;6.580000;3.958139e-01;0;1.073984e-01
659;6.590000;3.796656e-01;0;1.872568e-01
660;6.600000;3.394006e-01;0;1.868491e-01
661;6.610000;3.652405e-01;0;1.469800e-01
662;6.620000;3.976362e-01;0;8.758756e-02
663;6.630000;3.510447e-01;0;1.363159e-01
664;6.640000;2.917721e-01;0;1.242858e-01
665;6.650000;2.692913e-01;0;1.023290e-01
666;6.660000;3.250548e-01;0;5.234986e-02
667;6.670000;3.215220e-01;0;3.129746e-02
668;6.680000;3.149621e-01;0;5.991332e-02
669;6.690000;3.158990e-01;0;1.011935e-01
670;6.700000;3.248270e-01;0;1.376024e-01
671;6.710000;3.029720e-01;0;1.415632e-01
672;6.720000;2.340420e-01;0;1.351415e-01
673;6.730000;3.276549e-01;0;1.355390e-01
674;6.740000;5.224699e-01;5.192260e+01;1.466451e-01
675;6.750000;7.542722e-01;1.080867e+02;1.615653e-01
676;6.760000;8.450836e-01;1.723685e+02;2.011104e-01
677;6.770000;8.466834e-01;1.920926e+02;2.514579e-01
678;6.780000;8.157895e-01;2.142037e+02;3.281629e-01
679;6.790000;7.530893e-01;2.342227e+02;4.003339e-01
680;6.800000;6.023240e-01;2.523596e+02;3.530843e-01
681;6.810000;4.413605e-01;1.740844e+02;2.398081e-01
682;6.820000;3.307149e-01;8.978369e+01;2.689615e-01
683;6.830000;2.851692e-01;0;3.001447e-01
684;6.840000;2.876966e-01;0;3.383596e-01
685;6.850000;2.956880e-01;0;2.911679e-01
686;6.860000;3.433226e-01;0;2.347602e-01
687;6.870000;3.201918e-01;0;2.878060e-01
688;6.880000;2.869169e-01;0;1.738103e-01
689;6.890000;2.684080e-01;0;3.007243e-01
690;6.900000;3.650172e-01;0;2.391470e-01
691;6.910000;4.666319e-01;0;2.727749e-01
692;6.920000;5.691239e-01;0;1.453942e-01
693;6.930000;6.201915e-01;8.465608e+01;2.116330e-01
694;6.940000;6.067758e-01;1.688689e+02;1.958773e-01
695;6.950000;4.866161e-01;1.688689e+02;3.135461e-01
696;6.960000;3.938642e-01;8.421286e+01;3.797611e-01
697;6.970000;3.955839e-01;0;4.052949e-01
698;6.980000;4.620455e-01;0;3.004195e-01
699;6.990000;4.544418e-01;0;2.050619e-01
700;7.000000;3.623711e-01;0;2.309266e-01
701;7.010000;2.810620e-01;0;2.887994e-01
702;7.010000;2.330159e-01;0;2.958531e-01
